Workbook

Sheet Read me
A1: MADE-UP SAMPLE DATA for a Groundwork portfolio example. Not a real business or real customers.
A3: Raw export: 66 rows. Blank rows removed: 1. Duplicate invoices removed: 5.
A4: Fixed: 4 date formats -> real dates; amounts stored as text ($, commas, 'AUD') -> numbers;
A5: customer names with stray spaces/capitals merged; Paid? (Y/yes/Paid/blank) -> Paid/Unpaid dropdown.
A6: Summary and Checks sheets are live formulas, so they keep working when new rows are added to the table.

Sheet Invoices
A1: Invoice | B1: Date | C1: Customer | D1: Service | E1: Amount | F1: Status | G1: Month
A2: INV-1004 | B2: 46207 | C2: Parkside Dental | D2: Repair | E2: 849.5 | F2: Paid | G2: =TEXT(B2,"yyyy-mm")
A3: INV-1045 | B3: 46207 | C3: Hill Street Cafe | D3: Parts | E3: 741.5 | F3: Paid | G3: =TEXT(B3,"yyyy-mm")
A4: INV-1014 | B4: 46208 | C4: Summit Physio | D4: Repair | E4: 1796.5 | F4: Unpaid | G4: =TEXT(B4,"yyyy-mm")
A5: INV-1019 | B5: 46208 | C5: Riverbend Vets | D5: Call-out | E5: 498.5 | F5: Paid | G5: =TEXT(B5,"yyyy-mm")
A6: INV-1013 | B6: 46209 | C6: Bluegum Childcare | D6: Parts | E6: 699 | F6: Unpaid | G6: =TEXT(B6,"yyyy-mm")
A7: INV-1022 | B7: 46210 | C7: Summit Physio | D7: Install | E7: 2200.5 | F7: Unpaid | G7: =TEXT(B7,"yyyy-mm")
A8: INV-1046 | B8: 46213 | C8: Riverbend Vets | D8: Monthly service | E8: 1905 | F8: Paid | G8: =TEXT(B8,"yyyy-mm")
A9: INV-1052 | B9: 46215 | C9: Summit Physio | D9: Parts | E9: 829 | F9: Paid | G9: =TEXT(B9,"yyyy-mm")
A10: INV-1054 | B10: 46216 | C10: Riverbend Vets | D10: Repair | E10: 172.5 | F10: Unpaid | G10: =TEXT(B10,"yyyy-mm")
A11: INV-1058 | B11: 46219 | C11: Northgate Pharmacy | D11: Install | E11: 1160 | F11: Unpaid | G11: =TEXT(B11,"yyyy-mm")
A12: INV-1003 | B12: 46221 | C12: Harbour Bakery | D12: Repair | E12: 625.5 | F12: Unpaid | G12: =TEXT(B12,"yyyy-mm")
A13: INV-1021 | B13: 46221 | C13: Bluegum Childcare | D13: Install | E13: 2298.5 | F13: Unpaid | G13: =TEXT(B13,"yyyy-mm")
... A61: INV-1050 | B61: 46292 | C61: Bluegum Childcare | D61: Call-out | E61: 1640.5 | F61: Paid | G61: =TEXT(B61,"yyyy-mm")

Sheet Summary
A1: Summary (live formulas: edit the Invoices sheet and these update)
A3: Customer | B3: Invoiced | C3: Unpaid | D3: Jobs
A4: Bluegum Childcare | B4: =SUMIFS(Invoices!$E$2:$E$61,Invoices!$C$2:$C$61,A4) | C4: =SUMIFS(Invoices!$E$2:$E$61,Invoices!$C$2:$C$61,A4,Invoices!$F$2:$F$61,"Unpaid") | D4: =COUNTIF(Invoices!$C$2:$C$61,A4)
A5: Harbour Bakery | B5: =SUMIFS(Invoices!$E$2:$E$61,Invoices!$C$2:$C$61,A5) | C5: =SUMIFS(Invoices!$E$2:$E$61,Invoices!$C$2:$C$61,A5,Invoices!$F$2:$F$61,"Unpaid") | D5: =COUNTIF(Invoices!$C$2:$C$61,A5)
A6: Hill Street Cafe | B6: =SUMIFS(Invoices!$E$2:$E$61,Invoices!$C$2:$C$61,A6) | C6: =SUMIFS(Invoices!$E$2:$E$61,Invoices!$C$2:$C$61,A6,Invoices!$F$2:$F$61,"Unpaid") | D6: =COUNTIF(Invoices!$C$2:$C$61,A6)
A7: Northgate Pharmacy | B7: =SUMIFS(Invoices!$E$2:$E$61,Invoices!$C$2:$C$61,A7) | C7: =SUMIFS(Invoices!$E$2:$E$61,Invoices!$C$2:$C$61,A7,Invoices!$F$2:$F$61,"Unpaid") | D7: =COUNTIF(Invoices!$C$2:$C$61,A7)
A8: Oakridge Motors | B8: =SUMIFS(Invoices!$E$2:$E$61,Invoices!$C$2:$C$61,A8) | C8: =SUMIFS(Invoices!$E$2:$E$61,Invoices!$C$2:$C$61,A8,Invoices!$F$2:$F$61,"Unpaid") | D8: =COUNTIF(Invoices!$C$2:$C$61,A8)
A9: Parkside Dental | B9: =SUMIFS(Invoices!$E$2:$E$61,Invoices!$C$2:$C$61,A9) | C9: =SUMIFS(Invoices!$E$2:$E$61,Invoices!$C$2:$C$61,A9,Invoices!$F$2:$F$61,"Unpaid") | D9: =COUNTIF(Invoices!$C$2:$C$61,A9)
A10: Riverbend Vets | B10: =SUMIFS(Invoices!$E$2:$E$61,Invoices!$C$2:$C$61,A10) | C10: =SUMIFS(Invoices!$E$2:$E$61,Invoices!$C$2:$C$61,A10,Invoices!$F$2:$F$61,"Unpaid") | D10: =COUNTIF(Invoices!$C$2:$C$61,A10)
A11: Summit Physio | B11: =SUMIFS(Invoices!$E$2:$E$61,Invoices!$C$2:$C$61,A11) | C11: =SUMIFS(Invoices!$E$2:$E$61,Invoices!$C$2:$C$61,A11,Invoices!$F$2:$F$61,"Unpaid") | D11: =COUNTIF(Invoices!$C$2:$C$61,A11)
A12: Total | B12: =SUM(B4:B11) | C12: =SUM(C4:C11) | D12: =SUM(D4:D11)
A14: Month | B14: Invoiced
A15: 2026-07 | B15: =SUMIFS(Invoices!$E$2:$E$61,Invoices!$G$2:$G$61,A15)
A16: 2026-08 | B16: =SUMIFS(Invoices!$E$2:$E$61,Invoices!$G$2:$G$61,A16)
A17: 2026-09 | B17: =SUMIFS(Invoices!$E$2:$E$61,Invoices!$G$2:$G$61,A17)

Sheet Duplicates removed
A1: Invoice | B1: Date | C1: Customer | D1: Amount | E1: Why removed
A2: INV-1030 | B2: 46249 | C2: Oakridge Motors | D2: 2196.5 | E2: Same invoice number appears earlier
A3: INV-1058 | B3: 46219 | C3: Northgate Pharmacy | D3: 1160 | E3: Same invoice number appears earlier
A4: INV-1043 | B4: 46235 | C4: Parkside Dental | D4: 442.5 | E4: Same invoice number appears earlier
A5: INV-1018 | B5: 46277 | C5: Parkside Dental | D5: 2022 | E5: Same invoice number appears earlier
A6: INV-1049 | B6: 46236 | C6: Parkside Dental | D6: 611 | E6: Same invoice number appears earlier

Sheet Checks
A1: Check | B1: Expected | C1: Actual | D1: OK?
A2: Rows kept = raw rows - blanks - duplicates | B2: 60 | C2: =ROWS(Invoices!A2:A61) | D2: =IF(B2=C2,"OK","CHECK")
A3: Customer totals add up to invoice total | B3: 80632.5 | C3: =Summary!B12 | D3: =IF(ABS(B3-C3)<0.005,"OK","CHECK")
A4: Every status is Paid or Unpaid | B4: 0 | C4: =ROWS(Invoices!F2:F61)-COUNTIF(Invoices!F2:F61,"Paid")-COUNTIF(Invoices!F2:F61,"Unpaid") | D4: =IF(B4=C4,"OK","CHECK")
